[
    {
        "judul": "Apa itu free fire",
        "konten": "Garena Free Fire atau biasa disebut Free Fire (sering disingkat FF) adalah permainan battle royale yang dikembangkan oleh 111 Dots Studio dan diterbitkan oleh Garena untuk Android dan iOS. Permainan ini merupakan permainan piranti genggam yang paling banyak diunduh secara global pada tahun 2019.\r\n\r\nDownload Sekarang https:\/\/play.google.com\/store\/apps\/details?id=com.dts.freefireth&pcampaignid=web_share",
        "image": "ff.jpg",
        "user": "freefireindonesia",
        "created_at": "2024-12-09 07:19:02"
    },
    {
        "judul": "Apa itu Mobile Legends",
        "konten": "Mobile Legends: Bang Bang adalah permainan video seluler bergenre multiplayer online battle arena (MOBA) yang dikembangkan dan diterbitkan oleh Moonton, anak perusahaan dari ByteDance.\r\n\r\nDownload Sekarang https:\/\/play.google.com\/store\/apps\/details?id=com.mobile.legends&pcampaignid=web_share",
        "image": "ml.jpg",
        "user": "mobilelegendsindonesia",
        "created_at": "2024-12-09 07:22:47"
    }
]